Username,Date,Rating
Sharkfang,2024/0/18,2825
Sharkfang,2024/0/20,2665
Sharkfang,2024/0/21,2658
Sharkfang,2024/0/22,2683
Sharkfang,2024/0/27,2688
Sharkfang,2024/0/29,2689
Sharkfang,2024/0/19,2509
Sharkfang,2024/0/24,2520
Sharkfang,2024/0/26,2534
Sharkfang,2024/0/28,2546
Sharkfang,2024/1/2,2547
Sharkfang,2024/1/9,2547
Sharkfang,2024/0/22,2816
Sharkfang,2024/1/2,2616
Sharkfang,2024/1/3,2627
Sharkfang,2024/1/4,2638
Sharkfang,2024/1/5,2624
Sharkfang,2024/1/6,2635
Sharkfang,2024/1/7,2643
Sharkfang,2024/1/8,2651
Sharkfang,2024/1/9,2640
Sharkfang,2024/1/10,2629
Sharkfang,2024/1/11,2638
strategyforchess,2024/0/13,2174
strategyforchess,2024/0/16,2182
strategyforchess,2024/0/17,2181
strategyforchess,2024/0/19,2175
strategyforchess,2024/0/20,2183
strategyforchess,2024/0/26,2190
strategyforchess,2024/1/4,2201
strategyforchess,2024/1/8,2207
strategyforchess,2024/0/15,2333
strategyforchess,2024/0/16,2351
strategyforchess,2024/0/24,2376
strategyforchess,2024/0/30,2382
strategyforchess,2024/1/8,2390
strategyforchess,2024/0/15,2482
strategyforchess,2024/0/16,2498
strategyforchess,2024/0/24,2498
strategyforchess,2024/0/31,2496
strategyforchess,2024/1/8,2504
strategyforchess,2024/0/15,2510
strategyforchess,2024/0/20,2523
strategyforchess,2024/0/24,2528
strategyforchess,2024/0/30,2543
strategyforchess,2024/1/8,2548
strategyforchess,2024/1/9,2544
strategyforchess,2024/0/15,2637
strategyforchess,2024/0/16,2639
strategyforchess,2024/0/20,2640
strategyforchess,2024/0/22,2642
strategyforchess,2024/0/27,2643
strategyforchess,2024/0/28,2644
strategyforchess,2024/0/29,2644
strategyforchess,2024/0/30,2647
strategyforchess,2024/0/31,2649
strategyforchess,2024/1/1,2651
strategyforchess,2024/1/4,2653
strategyforchess,2024/1/9,2654
OjaiJoao,2024/0/17,2705
OjaiJoao,2024/0/20,2697
OjaiJoao,2024/0/22,2702
OjaiJoao,2024/0/24,2709
OjaiJoao,2024/0/26,2716
OjaiJoao,2024/0/27,2708
OjaiJoao,2024/0/28,2713
OjaiJoao,2024/0/29,2705
OjaiJoao,2024/0/30,2662
OjaiJoao,2024/0/31,2702
OjaiJoao,2024/1/2,2714
OjaiJoao,2024/1/3,2718
OjaiJoao,2024/1/4,2743
OjaiJoao,2024/1/7,2748
OjaiJoao,2024/1/8,2732
OjaiJoao,2024/1/10,2760
OjaiJoao,2024/1/11,2773
OjaiJoao,2024/0/17,2491
OjaiJoao,2024/0/18,2500
OjaiJoao,2024/0/20,2483
OjaiJoao,2024/0/21,2488
OjaiJoao,2024/0/22,2496
OjaiJoao,2024/0/23,2509
OjaiJoao,2024/0/24,2543
OjaiJoao,2024/0/25,2532
OjaiJoao,2024/0/26,2537
OjaiJoao,2024/0/27,2535
OjaiJoao,2024/0/28,2534
OjaiJoao,2024/0/29,2526
OjaiJoao,2024/0/30,2519
OjaiJoao,2024/0/31,2494
OjaiJoao,2024/1/1,2497
OjaiJoao,2024/1/2,2503
OjaiJoao,2024/1/4,2500
OjaiJoao,2024/1/6,2504
OjaiJoao,2024/1/7,2536
OjaiJoao,2024/1/8,2545
OjaiJoao,2024/1/9,2516
OjaiJoao,2024/1/10,2523
OjaiJoao,2024/1/11,2523
OjaiJoao,2024/0/17,2534
OjaiJoao,2024/0/18,2534
OjaiJoao,2024/0/19,2534
OjaiJoao,2024/0/22,2534
OjaiJoao,2024/0/23,2537
OjaiJoao,2024/0/24,2544
OjaiJoao,2024/0/25,2530
OjaiJoao,2024/0/26,2530
OjaiJoao,2024/0/28,2544
OjaiJoao,2024/0/29,2544
OjaiJoao,2024/0/30,2545
OjaiJoao,2024/1/5,2545
OjaiJoao,2024/1/6,2546
OjaiJoao,2024/1/7,2547
OjaiJoao,2024/1/8,2547
OjaiJoao,2024/1/10,2537
OjaiJoao,2024/1/11,2538
OjaiJoao,2024/0/20,2535
OjaiJoao,2024/0/21,2541
OjaiJoao,2024/0/23,2542
OjaiJoao,2024/0/24,2532
OjaiJoao,2024/0/29,2534
OjaiJoao,2024/0/31,2534
OjaiJoao,2024/1/1,2537
OjaiJoao,2024/1/2,2542
OjaiJoao,2024/1/3,2545
OjaiJoao,2024/1/5,2529
OjaiJoao,2024/1/6,2531
OjaiJoao,2024/1/7,2538
OjaiJoao,2024/1/8,2538
OjaiJoao,2024/1/9,2518
OjaiJoao,2024/1/10,2518
OjaiJoao,2024/1/1,2693
ChessTheory64,2024/1/2,2772
ChessTheory64,2024/1/7,2807
ChessTheory64,2024/0/14,2527
ChessTheory64,2024/0/15,2511
ChessTheory64,2024/0/16,2521
ChessTheory64,2024/0/17,2504
ChessTheory64,2024/0/19,2502
ChessTheory64,2024/0/20,2482
ChessTheory64,2024/0/21,2482
ChessTheory64,2024/0/22,2477
ChessTheory64,2024/0/23,2474
ChessTheory64,2024/0/25,2471
ChessTheory64,2024/0/26,2465
ChessTheory64,2024/0/29,2466
ChessTheory64,2024/1/1,2459
ChessTheory64,2024/1/4,2447
ChessTheory64,2024/1/5,2453
ChessTheory64,2024/1/7,2448
ChessTheory64,2024/1/8,2457
ChessTheory64,2024/1/9,2461
ChessTheory64,2024/0/15,2639
ChessTheory64,2024/0/16,2631
ChessTheory64,2024/0/17,2637
ChessTheory64,2024/0/18,2636
ChessTheory64,2024/0/19,2643
ChessTheory64,2024/0/21,2652
ChessTheory64,2024/0/24,2647
ChessTheory64,2024/0/28,2638
ChessTheory64,2024/0/29,2634
ChessTheory64,2024/0/30,2640
ChessTheory64,2024/1/2,2633
ChessTheory64,2024/1/7,2622
ChessTheory64,2024/1/8,2629
ChessTheory64,2024/1/9,2631
ChessTheory64,2024/0/13,2452
ChessTheory64,2024/0/14,2440
ChessTheory64,2024/0/23,2445
ChessTheory64,2024/0/24,2450
ChessTheory64,2024/0/26,2468
ChessTheory64,2024/0/31,2465
ChessTheory64,2024/1/5,2470
ChessTheory64,2024/0/17,2101
ChessTheory64,2024/0/19,2362
ChessTheory64,2024/0/21,2350
ChessTheory64,2024/0/24,2353
ChessTheory64,2024/0/30,2354
ChessTheory64,2024/0/31,2358
ChessTheory64,2024/1/8,2367
ChessTheory64,2024/0/16,2083
ChessTheory64,2024/0/18,2093
ChessTheory64,2024/0/19,2123
ChessTheory64,2024/0/20,2082
ChessTheory64,2024/0/21,2085
ChessTheory64,2024/0/24,2076
ChessTheory64,2024/0/26,2056
ChessTheory64,2024/0/30,2035
ChessTheory64,2024/1/1,2083
ChessTheory64,2024/1/2,2078
ChessTheory64,2024/1/3,2095
ChessTheory64,2024/1/5,2106
ChessTheory64,2024/1/6,2108
ChessTheory64,2024/1/7,2095
ChessTheory64,2024/1/8,2102
ChessTheory64,2024/1/9,2107
ChessTheory64,2024/1/10,2127
ChessTheory64,2024/0/15,2052
ChessTheory64,2024/0/23,2067
ChessTheory64,2024/1/2,2040
ChessTheory64,2024/0/13,2714
ChessTheory64,2024/0/26,2666
ChessTheory64,2024/1/7,2636
ChessTheory64,2024/1/8,2636
ChessTheory64,2024/1/9,2637
kc6,2024/0/13,2666
kc6,2024/0/28,2681
kc6,2024/0/13,2592
kc6,2024/0/14,2576
kc6,2024/0/15,2607
kc6,2024/0/16,2620
kc6,2024/0/17,2600
kc6,2024/0/18,2582
kc6,2024/0/19,2573
kc6,2024/0/20,2593
kc6,2024/0/21,2587
kc6,2024/0/22,2625
kc6,2024/0/23,2633
kc6,2024/0/24,2645
kc6,2024/0/25,2635
kc6,2024/0/26,2646
kc6,2024/0/27,2649
kc6,2024/0/28,2629
kc6,2024/0/30,2612
kc6,2024/0/31,2591
kc6,2024/1/1,2591
kc6,2024/1/3,2591
kc6,2024/1/4,2579
kc6,2024/1/5,2568
kc6,2024/1/6,2564
kc6,2024/1/7,2539
kc6,2024/1/8,2529
kc6,2024/1/9,2536
kc6,2024/0/17,2552
kc6,2024/0/19,2552
kc6,2024/0/23,2518
kc6,2024/0/24,2518
kc6,2024/0/27,2492
kc6,2024/0/31,2493
kc6,2024/1/1,2495
kc6,2024/1/7,2497
kc6,2024/1/8,2501
kc6,2024/0/19,2455
kc6,2024/1/9,2466
lion2006-45,2024/0/13,2940
lion2006-45,2024/0/14,2930
lion2006-45,2024/0/15,2846
lion2006-45,2024/0/16,2849
lion2006-45,2024/0/18,2838
lion2006-45,2024/0/19,2821
lion2006-45,2024/0/20,2823
lion2006-45,2024/0/21,2839
lion2006-45,2024/0/22,2840
lion2006-45,2024/0/23,2844
lion2006-45,2024/0/27,2803
lion2006-45,2024/0/30,2818
lion2006-45,2024/1/3,2830
lion2006-45,2024/1/5,2831
lion2006-45,2024/1/6,2834
lion2006-45,2024/1/9,2837
lion2006-45,2024/0/13,2688
lion2006-45,2024/0/20,2701
lion2006-45,2024/0/21,2703
lion2006-45,2024/0/23,2708
lion2006-45,2024/0/28,2715
lion2006-45,2024/0/30,2731
lion2006-45,2024/1/6,2724
lion2006-45,2024/0/13,2737
lion2006-45,2024/0/16,2742
lion2006-45,2024/0/21,2746
lion2006-45,2024/0/23,2748
lion2006-45,2024/0/27,2762
lion2006-45,2024/0/30,2771
lion2006-45,2024/1/6,2778
lion2006-45,2024/1/9,2800
lion2006-45,2024/0/13,2462
lion2006-45,2024/0/16,2465
lion2006-45,2024/0/21,2475
lion2006-45,2024/0/23,2478
lion2006-45,2024/0/29,2454
lion2006-45,2024/0/30,2457
lion2006-45,2024/1/6,2443
lion2006-45,2024/0/21,2401
lion2006-45,2024/1/2,2408
lion2006-45,2024/1/4,2416
lion2006-45,2024/1/8,2426
lion2006-45,2024/1/10,2432
lion2006-45,2024/0/13,2632
lion2006-45,2024/0/17,2601
lion2006-45,2024/0/18,2602
lion2006-45,2024/0/19,2603
lion2006-45,2024/0/20,2604
lion2006-45,2024/0/21,2606
lion2006-45,2024/0/23,2607
lion2006-45,2024/0/24,2621
lion2006-45,2024/0/25,2622
lion2006-45,2024/0/28,2625
lion2006-45,2024/0/30,2612
lion2006-45,2024/0/31,2617
lion2006-45,2024/1/1,2620
lion2006-45,2024/1/2,2624
lion2006-45,2024/1/3,2625
lion2006-45,2024/1/4,2630
lion2006-45,2024/1/6,2632
lion2006-45,2024/1/7,2550
lion2006-45,2024/1/8,2601
lion2006-45,2024/1/9,2603
lion2006-45,2024/0/13,2519
lion2006-45,2024/0/14,2521
lion2006-45,2024/0/15,2466
lion2006-45,2024/0/16,2401
lion2006-45,2024/0/17,2427
lion2006-45,2024/0/18,2471
lion2006-45,2024/0/19,2503
lion2006-45,2024/0/20,2508
lion2006-45,2024/0/21,2514
lion2006-45,2024/0/23,2525
lion2006-45,2024/0/25,2533
lion2006-45,2024/0/26,2534
lion2006-45,2024/0/27,2540
lion2006-45,2024/0/28,2515
lion2006-45,2024/0/29,2516
lion2006-45,2024/0/30,2503
lion2006-45,2024/1/1,2506
lion2006-45,2024/1/2,2509
lion2006-45,2024/1/4,2502
lion2006-45,2024/1/6,2450
lion2006-45,2024/1/7,2506
lion2006-45,2024/1/8,2510
lion2006-45,2024/1/9,2511
lion2006-45,2024/1/10,2513
lion2006-45,2024/1/11,2514
lion2006-45,2024/0/13,2429
lion2006-45,2024/0/16,2434
lion2006-45,2024/0/20,2435
lion2006-45,2024/0/21,2437
lion2006-45,2024/0/23,2447
lion2006-45,2024/0/26,2452
lion2006-45,2024/0/27,2453
lion2006-45,2024/0/28,2462
lion2006-45,2024/0/29,2464
lion2006-45,2024/0/30,2465
lion2006-45,2024/0/31,2467
lion2006-45,2024/1/2,2469
lion2006-45,2024/1/3,2471
lion2006-45,2024/1/5,2472
lion2006-45,2024/1/6,2473
lion2006-45,2024/1/7,2362
lion2006-45,2024/1/8,2401
lion2006-45,2024/1/9,2405
lion2006-45,2024/0/13,1940
lion2006-45,2024/0/16,1949
lion2006-45,2024/0/17,1950
lion2006-45,2024/0/20,1953
lion2006-45,2024/0/21,1954
lion2006-45,2024/0/22,1910
lion2006-45,2024/0/23,1911
lion2006-45,2024/0/25,1900
lion2006-45,2024/0/28,1915
lion2006-45,2024/0/29,1919
lion2006-45,2024/0/30,1920
lion2006-45,2024/0/31,1924
lion2006-45,2024/1/1,1929
lion2006-45,2024/1/2,1935
lion2006-45,2024/1/4,1943
lion2006-45,2024/1/5,1959
lion2006-45,2024/1/6,1965
lion2006-45,2024/1/9,1971
lion2006-45,2024/1/10,1980
lion2006-45,2024/0/13,1742
lion2006-45,2024/0/15,1753
lion2006-45,2024/0/17,1764
lion2006-45,2024/0/18,1769
lion2006-45,2024/0/19,1778
lion2006-45,2024/0/20,1781
lion2006-45,2024/0/21,1787
lion2006-45,2024/0/22,1804
lion2006-45,2024/0/23,1805
lion2006-45,2024/0/25,1808
lion2006-45,2024/0/29,1816
lion2006-45,2024/0/30,1822
lion2006-45,2024/0/31,1831
lion2006-45,2024/1/5,1832
lion2006-45,2024/1/6,1838
lion2006-45,2024/1/7,1839
lion2006-45,2024/0/13,2542
lion2006-45,2024/0/17,2545
lion2006-45,2024/0/18,2546
lion2006-45,2024/0/20,2610
lion2006-45,2024/0/21,2612
lion2006-45,2024/0/22,2614
lion2006-45,2024/0/23,2616
lion2006-45,2024/0/24,2603
lion2006-45,2024/0/25,2607
lion2006-45,2024/0/28,2608
lion2006-45,2024/0/30,2609
lion2006-45,2024/0/31,2617
lion2006-45,2024/1/1,2621
lion2006-45,2024/1/2,2600
lion2006-45,2024/1/5,2601
lion2006-45,2024/1/6,2602
lion2006-45,2024/1/8,2603
lion2006-45,2024/0/13,2203
lion2006-45,2024/0/16,2208
lion2006-45,2024/0/21,2210
lion2006-45,2024/0/23,2216
lion2006-45,2024/0/25,2219
lion2006-45,2024/0/27,2223
lion2006-45,2024/0/28,2224
lion2006-45,2024/0/29,2230
lion2006-45,2024/0/30,2233
lion2006-45,2024/0/31,2214
lion2006-45,2024/1/2,2226
lion2006-45,2024/1/4,2210
lion2006-45,2024/1/6,2213
lion2006-45,2024/1/10,2216
lion2006-45,2024/0/13,2431
lion2006-45,2024/0/16,2432
lion2006-45,2024/0/18,2433
lion2006-45,2024/0/20,2435
lion2006-45,2024/0/21,2438
lion2006-45,2024/0/23,2443
lion2006-45,2024/0/24,2410
lion2006-45,2024/0/26,2414
lion2006-45,2024/0/27,2451
lion2006-45,2024/0/28,2452
lion2006-45,2024/0/30,2453
lion2006-45,2024/0/31,2401
lion2006-45,2024/1/1,2403
lion2006-45,2024/1/2,2404
lion2006-45,2024/1/6,2408
lion2006-45,2024/0/13,3642
lion2006-45,2024/0/19,3643
lion2006-45,2024/0/21,3646
lion2006-45,2024/0/23,3529
lion2006-45,2024/0/25,3429
lion2006-45,2024/0/26,3502
lion2006-45,2024/0/27,3532
lion2006-45,2024/0/29,3555
lion2006-45,2024/0/30,3571
lion2006-45,2024/0/31,3600
lion2006-45,2024/1/5,3604
lion2006-45,2024/1/6,3606
lion2006-45,2024/1/7,3609
lion2006-45,2024/1/9,3610
lion2006-45,2024/1/11,3614
lion2006-45,2024/0/13,2362
lion2006-45,2024/0/15,2370
lion2006-45,2024/0/16,2363
lion2006-45,2024/0/17,2370
lion2006-45,2024/0/19,2372
lion2006-45,2024/0/20,2374
lion2006-45,2024/0/21,2380
lion2006-45,2024/0/23,2383
lion2006-45,2024/0/24,2322
lion2006-45,2024/0/29,2323
lion2006-45,2024/0/30,2325
lion2006-45,2024/1/5,2326
lion2006-45,2024/1/6,2330
lion2006-45,2024/1/7,2332
alp_arslan92,2024/0/30,2519
alp_arslan92,2024/0/21,2442
alp_arslan92,2024/0/24,2447
alp_arslan92,2024/0/30,2440
alp_arslan92,2024/1/2,2442
alp_arslan92,2024/1/7,2434
alp_arslan92,2024/0/13,2754
alp_arslan92,2024/0/15,2753
alp_arslan92,2024/0/16,2759
alp_arslan92,2024/0/17,2724
alp_arslan92,2024/0/18,2703
alp_arslan92,2024/0/22,2725
alp_arslan92,2024/0/23,2748
alp_arslan92,2024/0/25,2673
alp_arslan92,2024/0/26,2674
alp_arslan92,2024/0/27,2618
alp_arslan92,2024/0/28,2447
alp_arslan92,2024/0/30,2461
alp_arslan92,2024/0/31,2548
alp_arslan92,2024/1/1,2661
alp_arslan92,2024/1/2,2666
alp_arslan92,2024/1/3,2704
alp_arslan92,2024/1/4,2614
alp_arslan92,2024/1/5,2598
alp_arslan92,2024/1/6,2586
alp_arslan92,2024/1/8,2641
alp_arslan92,2024/1/9,2629
alp_arslan92,2024/1/10,2603
alp_arslan92,2024/1/11,2622
Thorwald5,2024/1/4,2488
Thorwald5,2024/0/22,2439
Thorwald5,2024/0/23,2437
Thorwald5,2024/1/3,2527
Thorwald5,2024/1/4,2553
Thorwald5,2024/1/5,2523
Thorwald5,2024/1/6,2530
Thorwald5,2024/1/7,2536
Thorwald5,2024/1/8,2545
Thorwald5,2024/0/24,2454
Thorwald5,2024/0/25,2468
Thorwald5,2024/1/3,2446
Thorwald5,2024/1/4,2448
Thorwald5,2024/1/5,2437
Thorwald5,2024/1/6,2449
Thorwald5,2024/1/7,2423
Thorwald5,2024/1/8,2443
Thorwald5,2024/1/9,2431
Thorwald5,2024/0/25,2193
Thorwald5,2024/1/4,2004
Thorwald5,2024/0/25,2109
Thorwald5,2024/0/26,2667
Konnov_Oleg,2024/1/9,2652
Konnov_Oleg,2024/0/13,2602
Konnov_Oleg,2024/0/14,2573
Konnov_Oleg,2024/0/15,2568
Konnov_Oleg,2024/0/16,2611
Konnov_Oleg,2024/0/17,2603
Konnov_Oleg,2024/0/18,2615
Konnov_Oleg,2024/0/19,2574
Konnov_Oleg,2024/0/20,2589
Konnov_Oleg,2024/0/21,2560
Konnov_Oleg,2024/0/22,2570
Konnov_Oleg,2024/0/23,2582
Konnov_Oleg,2024/0/24,2582
Konnov_Oleg,2024/0/25,2600
Konnov_Oleg,2024/0/26,2587
Konnov_Oleg,2024/0/27,2633
Konnov_Oleg,2024/0/28,2650
Konnov_Oleg,2024/0/29,2650
Konnov_Oleg,2024/1/1,2621
Konnov_Oleg,2024/1/5,2630
Konnov_Oleg,2024/1/6,2641
Konnov_Oleg,2024/1/7,2608
Konnov_Oleg,2024/1/8,2605
Konnov_Oleg,2024/1/9,2593
Konnov_Oleg,2024/1/10,2591
Konnov_Oleg,2024/1/11,2537
Konnov_Oleg,2024/0/28,2676
Konnov_Oleg,2024/1/5,2688
Konnov_Oleg,2024/0/18,2438
Konnov_Oleg,2024/1/9,2413
Konnov_Oleg,2024/0/13,2703
Konnov_Oleg,2024/0/14,2736
Konnov_Oleg,2024/0/16,2800
Konnov_Oleg,2024/0/18,2801
Konnov_Oleg,2024/0/19,2802
Konnov_Oleg,2024/0/20,2807
Konnov_Oleg,2024/0/21,2815
Konnov_Oleg,2024/0/22,2832
Konnov_Oleg,2024/0/23,2800
Konnov_Oleg,2024/0/24,2741
Konnov_Oleg,2024/0/25,2724
Konnov_Oleg,2024/0/26,2752
Konnov_Oleg,2024/0/27,2686
Konnov_Oleg,2024/0/28,2653
Konnov_Oleg,2024/0/29,2800
Konnov_Oleg,2024/0/30,2809
Konnov_Oleg,2024/0/31,2830
Konnov_Oleg,2024/1/1,2801
Konnov_Oleg,2024/1/2,2801
Konnov_Oleg,2024/1/5,2818
Konnov_Oleg,2024/1/6,2715
Konnov_Oleg,2024/1/7,2663
Konnov_Oleg,2024/1/8,2701
Konnov_Oleg,2024/1/10,2725
LithargoelTheThrice,2024/0/15,2401
LithargoelTheThrice,2024/0/23,2367
LithargoelTheThrice,2024/0/24,2390
LithargoelTheThrice,2024/1/1,2366
LithargoelTheThrice,2024/1/2,2366
LithargoelTheThrice,2024/1/5,2358
LithargoelTheThrice,2024/1/6,2397
LithargoelTheThrice,2024/1/7,2415
LithargoelTheThrice,2024/0/13,2494
LithargoelTheThrice,2024/0/14,2492
LithargoelTheThrice,2024/0/15,2477
LithargoelTheThrice,2024/0/17,2472
LithargoelTheThrice,2024/0/20,2472
LithargoelTheThrice,2024/0/23,2471
LithargoelTheThrice,2024/0/24,2463
LithargoelTheThrice,2024/0/25,2466
LithargoelTheThrice,2024/0/29,2466
LithargoelTheThrice,2024/1/1,2467
LithargoelTheThrice,2024/1/2,2461
LithargoelTheThrice,2024/1/3,2444
LithargoelTheThrice,2024/1/4,2435
LithargoelTheThrice,2024/1/5,2434
LithargoelTheThrice,2024/1/6,2434
LithargoelTheThrice,2024/1/7,2432
LithargoelTheThrice,2024/1/8,2426
LithargoelTheThrice,2024/0/13,2417
LithargoelTheThrice,2024/0/14,2419
LithargoelTheThrice,2024/0/15,2415
LithargoelTheThrice,2024/0/16,2405
LithargoelTheThrice,2024/0/17,2414
LithargoelTheThrice,2024/0/19,2419
LithargoelTheThrice,2024/0/21,2420
LithargoelTheThrice,2024/0/22,2417
LithargoelTheThrice,2024/0/23,2419
LithargoelTheThrice,2024/0/24,2417
LithargoelTheThrice,2024/0/25,2419
LithargoelTheThrice,2024/0/26,2423
LithargoelTheThrice,2024/0/27,2414
LithargoelTheThrice,2024/0/28,2416
LithargoelTheThrice,2024/0/29,2401
LithargoelTheThrice,2024/0/31,2403
LithargoelTheThrice,2024/1/1,2405
LithargoelTheThrice,2024/1/2,2411
LithargoelTheThrice,2024/1/3,2407
LithargoelTheThrice,2024/1/4,2398
LithargoelTheThrice,2024/1/5,2399
LithargoelTheThrice,2024/1/6,2403
LithargoelTheThrice,2024/1/7,2412
LithargoelTheThrice,2024/1/8,2406
LithargoelTheThrice,2024/1/9,2399
LithargoelTheThrice,2024/1/10,2402
iCe_eNerGyTeaM,2024/0/13,2766
iCe_eNerGyTeaM,2024/0/14,2781
iCe_eNerGyTeaM,2024/0/15,2814
iCe_eNerGyTeaM,2024/0/16,2839
iCe_eNerGyTeaM,2024/0/17,2770
iCe_eNerGyTeaM,2024/0/18,2775
iCe_eNerGyTeaM,2024/0/19,2794
iCe_eNerGyTeaM,2024/0/20,2831
iCe_eNerGyTeaM,2024/0/22,2851
iCe_eNerGyTeaM,2024/0/23,2854
iCe_eNerGyTeaM,2024/0/24,2838
iCe_eNerGyTeaM,2024/0/25,2831
iCe_eNerGyTeaM,2024/0/26,2850
iCe_eNerGyTeaM,2024/0/27,2876
iCe_eNerGyTeaM,2024/0/28,2878
iCe_eNerGyTeaM,2024/0/29,2821
iCe_eNerGyTeaM,2024/0/30,2835
iCe_eNerGyTeaM,2024/0/31,2841
iCe_eNerGyTeaM,2024/1/1,2841
iCe_eNerGyTeaM,2024/1/2,2860
iCe_eNerGyTeaM,2024/1/3,2863
iCe_eNerGyTeaM,2024/1/4,2818
iCe_eNerGyTeaM,2024/1/5,2807
iCe_eNerGyTeaM,2024/1/6,2801
iCe_eNerGyTeaM,2024/1/7,2814
iCe_eNerGyTeaM,2024/1/9,2816
iCe_eNerGyTeaM,2024/1/10,2800
iCe_eNerGyTeaM,2024/1/11,2778
iCe_eNerGyTeaM,2024/0/14,2508
iCe_eNerGyTeaM,2024/0/20,2505
iCe_eNerGyTeaM,2024/0/21,2515
iCe_eNerGyTeaM,2024/0/28,2510
iCe_eNerGyTeaM,2024/1/4,2474
iCe_eNerGyTeaM,2024/1/7,2466
iCe_eNerGyTeaM,2024/1/8,2472
iCe_eNerGyTeaM,2024/0/15,2606
iCe_eNerGyTeaM,2024/0/20,2609
iCe_eNerGyTeaM,2024/0/21,2609
iCe_eNerGyTeaM,2024/0/29,2611
iCe_eNerGyTeaM,2024/1/9,2605
iCe_eNerGyTeaM,2024/1/10,2602
iCe_eNerGyTeaM,2024/0/13,2427
iCe_eNerGyTeaM,2024/0/17,2432
iCe_eNerGyTeaM,2024/0/25,2433
iCe_eNerGyTeaM,2024/1/9,2394
iCe_eNerGyTeaM,2024/1/10,2395
iCe_eNerGyTeaM,2024/1/11,2401
iCe_eNerGyTeaM,2024/0/17,2178
iCe_eNerGyTeaM,2024/0/23,2251
iCe_eNerGyTeaM,2024/1/9,2258
iCe_eNerGyTeaM,2024/0/15,2580
iCe_eNerGyTeaM,2024/0/18,2590
iCe_eNerGyTeaM,2024/0/19,2619
iCe_eNerGyTeaM,2024/0/20,2651
iCe_eNerGyTeaM,2024/0/25,2688
iCe_eNerGyTeaM,2024/0/27,2690
iCe_eNerGyTeaM,2024/1/8,2638
iCe_eNerGyTeaM,2024/1/10,2634
TheGodOfChess10,2024/0/23,2490
TheGodOfChess10,2024/1/6,2461
TheGodOfChess10,2024/0/13,2470
TheGodOfChess10,2024/0/14,2465
TheGodOfChess10,2024/0/17,2439
TheGodOfChess10,2024/0/23,2428
TheGodOfChess10,2024/0/25,2453
TheGodOfChess10,2024/0/27,2425
TheGodOfChess10,2024/0/29,2442
TheGodOfChess10,2024/0/31,2436
TheGodOfChess10,2024/1/1,2449
TheGodOfChess10,2024/1/6,2450
TheGodOfChess10,2024/0/13,2375
TheGodOfChess10,2024/0/14,2377
TheGodOfChess10,2024/0/23,2382
TheGodOfChess10,2024/0/25,2388
TheGodOfChess10,2024/0/27,2367
TheGodOfChess10,2024/0/29,2384
TheGodOfChess10,2024/0/30,2397
TheGodOfChess10,2024/0/31,2408
TheGodOfChess10,2024/1/1,2415
TheGodOfChess10,2024/1/6,2400
TheGodOfChess10,2024/0/14,2850
TheGodOfChess10,2024/0/17,2852
TheGodOfChess10,2024/0/23,2841
TheGodOfChess10,2024/0/25,2830
TheGodOfChess10,2024/0/26,2846
TheGodOfChess10,2024/0/29,2822
TheGodOfChess10,2024/0/30,2835
TheGodOfChess10,2024/1/6,2826
Xa1seX,2024/0/13,1877
Xa1seX,2024/0/16,1876
Xa1seX,2024/0/20,1902
Xa1seX,2024/0/21,1948
Xa1seX,2024/0/22,1937
Xa1seX,2024/0/23,1951
Xa1seX,2024/0/24,1917
Xa1seX,2024/0/25,1924
Xa1seX,2024/0/28,1936
Xa1seX,2024/1/1,1943
Xa1seX,2024/1/2,1916
Xa1seX,2024/1/5,1917
Xa1seX,2024/1/6,1912
Xa1seX,2024/1/7,1917
Xa1seX,2024/1/8,1911
Xa1seX,2024/1/10,1897
Xa1seX,2024/0/14,1744
Xa1seX,2024/0/18,1755
Xa1seX,2024/0/19,1753
Xa1seX,2024/0/21,1739
Xa1seX,2024/0/24,1729
Xa1seX,2024/0/29,1722
Xa1seX,2024/0/30,1729
Xa1seX,2024/1/1,1726
Xa1seX,2024/1/2,1737
Xa1seX,2024/1/3,1748
Xa1seX,2024/1/4,1754
Xa1seX,2024/1/6,1815
Xa1seX,2024/1/7,1808
Xa1seX,2024/1/8,1815
Xa1seX,2024/1/9,1821
Xa1seX,2024/1/10,1802
Xa1seX,2024/1/11,1803
Xa1seX,2024/0/20,1747
Xa1seX,2024/1/3,1801
Xa1seX,2024/1/4,1753
Xa1seX,2024/1/8,1731
Xa1seX,2024/1/10,1763
Xa1seX,2024/1/5,2200
Xa1seX,2024/1/8,2328
Xa1seX,2024/1/9,2374
Xa1seX,2024/1/10,2384
Xa1seX,2024/1/11,2400
Xa1seX,2024/1/8,1679
Xa1seX,2024/1/10,2037
Xa1seX,2024/1/10,1741
Xa1seX,2024/0/14,1852
Xa1seX,2024/0/18,1793
Xa1seX,2024/0/20,1763
Xa1seX,2024/0/21,1942
Xa1seX,2024/0/22,1942
Xa1seX,2024/0/23,1912
Xa1seX,2024/0/24,1897
Xa1seX,2024/0/30,1941
Xa1seX,2024/1/1,1917
Xa1seX,2024/1/2,1947
Xa1seX,2024/1/3,1962
Xa1seX,2024/1/6,1924
Xa1seX,2024/1/8,1974
Xa1seX,2024/1/9,1978
Xa1seX,2024/1/10,1962
Xa1seX,2024/1/10,1572
uzkuzk,2024/1/8,2353
uzkuzk,2024/1/9,2377
uzkuzk,2024/1/8,2356
uzkuzk,2024/1/9,2398
uzkuzk,2024/0/13,2421
uzkuzk,2024/0/14,2428
uzkuzk,2024/0/15,2430
uzkuzk,2024/0/16,2413
uzkuzk,2024/0/17,2407
uzkuzk,2024/0/18,2398
uzkuzk,2024/0/19,2403
uzkuzk,2024/0/20,2393
uzkuzk,2024/0/21,2401
uzkuzk,2024/0/23,2398
uzkuzk,2024/0/24,2400
uzkuzk,2024/0/25,2393
uzkuzk,2024/0/26,2397
uzkuzk,2024/0/30,2400
uzkuzk,2024/0/31,2404
uzkuzk,2024/1/1,2407
uzkuzk,2024/1/2,2407
uzkuzk,2024/1/4,2408
uzkuzk,2024/1/6,2410
uzkuzk,2024/1/7,2413
uzkuzk,2024/1/10,2406
uzkuzk,2024/1/11,2398
uzkuzk,2024/1/4,2061
jonas14,2024/0/26,2571
jonas14,2024/1/10,2546
jonas14,2024/1/11,2550
jonas14,2024/0/21,2480
jonas14,2024/0/24,2470
jonas14,2024/0/25,2489
jonas14,2024/0/26,2500
jonas14,2024/0/31,2502
jonas14,2024/1/8,2525
jonas14,2024/1/2,2391
jonas14,2024/1/7,2400
jonas14,2024/1/8,2393
jonas14,2024/0/24,2405
jonas14,2024/0/26,2413
jonas14,2024/0/28,2414
jonas14,2024/1/8,2416
jonas14,2024/1/10,2420
Kung_Fu_Panda3,2024/0/14,2422
Kung_Fu_Panda3,2024/0/15,2423
Kung_Fu_Panda3,2024/0/16,2426
Kung_Fu_Panda3,2024/0/17,2434
Kung_Fu_Panda3,2024/0/18,2450
Kung_Fu_Panda3,2024/0/23,2435
Kung_Fu_Panda3,2024/0/24,2442
Kung_Fu_Panda3,2024/0/25,2467
Kung_Fu_Panda3,2024/0/26,2473
Kung_Fu_Panda3,2024/0/28,2467
Kung_Fu_Panda3,2024/0/29,2466
Kung_Fu_Panda3,2024/1/1,2492
Kung_Fu_Panda3,2024/1/2,2446
Kung_Fu_Panda3,2024/1/3,2438
Kung_Fu_Panda3,2024/1/8,2415
Kung_Fu_Panda3,2024/1/10,2420
Kung_Fu_Panda3,2024/1/11,2430
Kung_Fu_Panda3,2024/0/15,2574
Kung_Fu_Panda3,2024/0/16,2582
Kung_Fu_Panda3,2024/0/17,2579
Kung_Fu_Panda3,2024/0/20,2586
Kung_Fu_Panda3,2024/0/21,2600
Kung_Fu_Panda3,2024/0/13,2377
Kung_Fu_Panda3,2024/0/17,2386
Kung_Fu_Panda3,2024/0/23,2382
Kung_Fu_Panda3,2024/0/27,2387
Kung_Fu_Panda3,2024/1/4,2389
Kung_Fu_Panda3,2024/1/9,2392
Kung_Fu_Panda3,2024/0/14,2836
Kung_Fu_Panda3,2024/0/31,2824
AnIndianChessplayer,2024/0/14,2806
AnIndianChessplayer,2024/0/13,2598
AnIndianChessplayer,2024/0/14,2606
AnIndianChessplayer,2024/0/15,2592
AnIndianChessplayer,2024/0/21,2587
AnIndianChessplayer,2024/0/24,2595
AnIndianChessplayer,2024/0/26,2590
AnIndianChessplayer,2024/0/13,2607
AnIndianChessplayer,2024/0/15,2612
AnIndianChessplayer,2024/0/17,2618
AnIndianChessplayer,2024/0/21,2612
AnIndianChessplayer,2024/0/24,2608
AnIndianChessplayer,2024/1/9,2607
AnIndianChessplayer,2024/0/15,2390
AnIndianChessplayer,2024/1/2,2379
AnIndianChessplayer,2024/1/9,2387
AnIndianChessplayer,2024/0/19,2322
AnIndianChessplayer,2024/0/24,2339
AnIndianChessplayer,2024/0/28,2335
AnIndianChessplayer,2024/1/7,2346
AnIndianChessplayer,2024/0/15,2459
AnIndianChessplayer,2024/0/14,2387
AnIndianChessplayer,2024/0/18,2379
AnIndianChessplayer,2024/0/26,2372
AnIndianChessplayer,2024/0/14,2245
AnIndianChessplayer,2024/0/26,2237
AnIndianChessplayer,2024/0/15,2007
AnIndianChessplayer,2024/0/13,2221
AnIndianChessplayer,2024/0/14,2237
AnIndianChessplayer,2024/0/18,2227
AnIndianChessplayer,2024/0/18,2228
marshal67,2024/0/18,2296
marshal67,2024/0/20,2302
marshal67,2024/0/28,2299
marshal67,2024/1/1,2297
marshal67,2024/0/18,2238
marshal67,2024/0/20,2245
marshal67,2024/0/22,2262
marshal67,2024/0/25,2260
marshal67,2024/0/28,2261
marshal67,2024/0/29,2252
marshal67,2024/1/6,2231
marshal67,2024/1/7,2203
marshal67,2024/0/16,2379
marshal67,2024/0/19,2392
marshal67,2024/0/21,2396
marshal67,2024/0/22,2369
marshal67,2024/0/26,2373
marshal67,2024/0/27,2379
marshal67,2024/0/28,2382
marshal67,2024/0/31,2382
marshal67,2024/1/1,2327
marshal67,2024/1/2,2326
marshal67,2024/1/4,2331
marshal67,2024/1/6,2310
marshal67,2024/1/7,2321
marshal67,2024/1/8,2339
marshal67,2024/0/13,2328
marshal67,2024/0/14,2329
marshal67,2024/0/15,2320
marshal67,2024/0/16,2345
marshal67,2024/0/17,2344
marshal67,2024/0/18,2341
marshal67,2024/0/19,2331
marshal67,2024/0/20,2331
marshal67,2024/0/21,2357
marshal67,2024/0/22,2342
marshal67,2024/0/23,2358
marshal67,2024/0/24,2348
marshal67,2024/0/25,2354
marshal67,2024/0/26,2361
marshal67,2024/0/27,2365
marshal67,2024/0/28,2370
marshal67,2024/0/30,2373
marshal67,2024/1/2,2366
marshal67,2024/1/5,2376
marshal67,2024/1/6,2381
marshal67,2024/1/9,2386
marshal67,2024/0/17,2015
marshal67,2024/1/5,2593
Al_Shima,2024/0/15,2570
Al_Shima,2024/0/16,2538
Al_Shima,2024/0/17,2570
Al_Shima,2024/0/18,2571
Al_Shima,2024/0/20,2559
Al_Shima,2024/0/21,2531
Al_Shima,2024/0/22,2541
Al_Shima,2024/0/24,2551
Al_Shima,2024/0/25,2550
Al_Shima,2024/1/2,2529
Al_Shima,2024/1/4,2516
Al_Shima,2024/1/8,2525
Al_Shima,2024/1/9,2478
Al_Shima,2024/0/17,2399
Al_Shima,2024/0/13,2402
Al_Shima,2024/0/21,2404
Al_Shima,2024/1/8,2381
PeterPanter,2024/0/13,2391
PeterPanter,2024/0/14,2374
PeterPanter,2024/0/15,2363
PeterPanter,2024/0/16,2360
PeterPanter,2024/0/17,2357
PeterPanter,2024/0/18,2328
PeterPanter,2024/0/19,2323
PeterPanter,2024/0/20,2347
PeterPanter,2024/0/21,2320
PeterPanter,2024/0/22,2330
PeterPanter,2024/0/23,2353
PeterPanter,2024/0/24,2364
PeterPanter,2024/0/25,2358
PeterPanter,2024/0/26,2354
PeterPanter,2024/0/27,2374
PeterPanter,2024/0/28,2362
PeterPanter,2024/0/30,2350
PeterPanter,2024/1/1,2360
PeterPanter,2024/1/2,2367
PeterPanter,2024/1/3,2371
PeterPanter,2024/1/4,2381
PeterPanter,2024/1/5,2385
PeterPanter,2024/1/6,2405
PeterPanter,2024/1/7,2394
PeterPanter,2024/1/8,2400
PeterPanter,2024/1/9,2420
PeterPanter,2024/1/10,2375
PeterPanter,2024/1/11,2363
PeterPanter,2024/0/13,2408
PeterPanter,2024/0/15,2396
PeterPanter,2024/0/17,2398
PeterPanter,2024/0/25,2400
PeterPanter,2024/0/27,2410
PeterPanter,2024/0/30,2417
PeterPanter,2024/1/1,2419
PeterPanter,2024/1/6,2415
PeterPanter,2024/1/7,2408
PeterPanter,2024/1/8,2404
PeterPanter,2024/1/9,2410
PeterPanter,2024/1/10,2418
PeterPanter,2024/1/2,2360
PeterPanter,2024/1/9,2364
PeterPanter,2024/1/10,2380
PeterPanter,2024/1/10,2070
PeterPanter,2024/1/11,2081
Art-Vega,2024/1/8,2468
Art-Vega,2024/0/14,2489
Art-Vega,2024/0/21,2465
Art-Vega,2024/0/22,2487
Art-Vega,2024/1/4,2487
Art-Vega,2024/1/7,2478
Art-Vega,2024/1/8,2470
Art-Vega,2024/0/19,2383
Art-Vega,2024/1/2,2381
Art-Vega,2024/1/9,2378
AsacoPaco,2024/0/15,2234
AsacoPaco,2024/0/16,2258
AsacoPaco,2024/0/17,2244
AsacoPaco,2024/0/18,2258
AsacoPaco,2024/0/19,2260
AsacoPaco,2024/0/20,2293
AsacoPaco,2024/0/21,2283
AsacoPaco,2024/0/22,2258
AsacoPaco,2024/0/23,2272
AsacoPaco,2024/0/24,2251
AsacoPaco,2024/0/26,2266
AsacoPaco,2024/0/27,2261
AsacoPaco,2024/0/28,2258
AsacoPaco,2024/0/29,2311
AsacoPaco,2024/0/30,2310
AsacoPaco,2024/0/31,2300
AsacoPaco,2024/1/1,2311
AsacoPaco,2024/1/3,2300
AsacoPaco,2024/1/4,2300
AsacoPaco,2024/1/5,2282
AsacoPaco,2024/1/6,2303
AsacoPaco,2024/1/7,2303
AsacoPaco,2024/1/8,2301
AsacoPaco,2024/1/10,2281
AsacoPaco,2024/0/19,2364
AsacoPaco,2024/1/2,2355
AsacoPaco,2024/1/9,2364
AsacoPaco,2024/0/27,2371
AsacoPaco,2024/0/28,2375
AsacoPaco,2024/0/31,2363
AsacoPaco,2024/1/1,2372
AsacoPaco,2024/1/2,2369
AsacoPaco,2024/1/3,2388
AsacoPaco,2024/1/8,2386
AsacoPaco,2024/1/9,2369
AsacoPaco,2024/1/10,2376
morgadochess,2024/0/13,2407
morgadochess,2024/0/15,2398
morgadochess,2024/0/19,2402
morgadochess,2024/0/21,2390
morgadochess,2024/0/29,2394
morgadochess,2024/0/28,2431
morgadochess,2024/0/30,2405
morgadochess,2024/0/31,2374
morgadochess,2024/1/4,2401
morgadochess,2024/1/5,2415
morgadochess,2024/1/7,2429
morgadochess,2024/1/9,2435
morgadochess,2024/1/10,2424
morgadochess,2024/0/13,2376
morgadochess,2024/0/14,2384
morgadochess,2024/0/16,2370
morgadochess,2024/0/19,2356
morgadochess,2024/0/20,2376
morgadochess,2024/0/27,2382
morgadochess,2024/0/31,2380
morgadochess,2024/1/4,2393
morgadochess,2024/1/9,2373
chessunable,2024/0/13,2355
chessunable,2024/0/16,2338
chessunable,2024/0/18,2344
chessunable,2024/0/19,2347
chessunable,2024/0/20,2342
chessunable,2024/0/21,2346
chessunable,2024/0/23,2350
chessunable,2024/0/24,2354
chessunable,2024/0/25,2358
chessunable,2024/0/26,2366
chessunable,2024/0/30,2369
chessunable,2024/1/2,2370
chessunable,2024/1/6,2377
chessunable,2024/1/7,2366
chessunable,2024/1/8,2369
muqri_1,2024/0/15,2629
muqri_1,2024/0/18,2644
muqri_1,2024/0/19,2666
muqri_1,2024/0/20,2668
muqri_1,2024/0/21,2674
muqri_1,2024/0/22,2681
muqri_1,2024/0/23,2702
muqri_1,2024/0/26,2614
muqri_1,2024/1/6,2622
muqri_1,2024/1/7,2628
muqri_1,2024/1/8,2631
muqri_1,2024/1/9,2563
muqri_1,2024/1/10,2566
muqri_1,2024/1/11,2580
muqri_1,2024/0/20,2565
muqri_1,2024/0/25,2589
muqri_1,2024/0/26,2542
muqri_1,2024/0/27,2556
muqri_1,2024/0/28,2562
muqri_1,2024/0/29,2592
muqri_1,2024/0/30,2605
muqri_1,2024/0/15,2347
muqri_1,2024/0/17,2363
muqri_1,2024/0/18,2342
muqri_1,2024/0/19,2331
muqri_1,2024/0/29,2357
muqri_1,2024/0/30,2373
muqri_1,2024/1/5,2388
muqri_1,2024/1/7,2389
muqri_1,2024/1/9,2369
muqri_1,2024/1/7,2307
muqri_1,2024/1/9,2270
muqri_1,2024/1/7,2386
muqri_1,2024/0/16,2918
muqri_1,2024/0/20,2918
muqri_1,2024/0/24,2952
muqri_1,2024/0/25,2967
muqri_1,2024/0/26,2978
muqri_1,2024/0/31,3000
muqri_1,2024/1/7,3000
e4e5chess,2024/0/14,2614
e4e5chess,2024/0/15,2655
e4e5chess,2024/0/16,2684
e4e5chess,2024/0/18,2700
e4e5chess,2024/0/28,2705
e4e5chess,2024/1/2,2711
e4e5chess,2024/1/3,2717
e4e5chess,2024/1/7,2722
e4e5chess,2024/0/27,2565
e4e5chess,2024/0/28,2567
e4e5chess,2024/0/29,2574
e4e5chess,2024/0/30,2549
e4e5chess,2024/0/31,2554
e4e5chess,2024/1/2,2565
e4e5chess,2024/1/3,2517
e4e5chess,2024/1/4,2522
e4e5chess,2024/1/6,2511
e4e5chess,2024/1/7,2530
e4e5chess,2024/1/4,2473
e4e5chess,2024/1/5,2456
e4e5chess,2024/1/7,2464
e4e5chess,2024/1/7,2368
e4e5chess,2024/0/17,2590
e4e5chess,2024/0/18,2605
e4e5chess,2024/0/19,2606
e4e5chess,2024/0/20,2515
e4e5chess,2024/0/21,2515
e4e5chess,2024/1/5,2516
mzmaz,2024/0/15,2456
mzmaz,2024/0/16,2438
mzmaz,2024/0/18,2432
mzmaz,2024/0/20,2402
mzmaz,2024/0/22,2424
mzmaz,2024/0/23,2423
mzmaz,2024/0/26,2403
mzmaz,2024/0/27,2421
mzmaz,2024/0/28,2407
mzmaz,2024/0/29,2416
mzmaz,2024/0/30,2400
mzmaz,2024/1/5,2401
mzmaz,2024/1/6,2402
mzmaz,2024/1/7,2410
mzmaz,2024/1/8,2406
mzmaz,2024/1/9,2419
mzmaz,2024/1/10,2424
mzmaz,2024/0/13,2540
mzmaz,2024/0/14,2548
mzmaz,2024/0/15,2548
mzmaz,2024/0/16,2540
mzmaz,2024/0/17,2549
mzmaz,2024/0/18,2551
mzmaz,2024/0/20,2543
mzmaz,2024/0/22,2548
mzmaz,2024/0/23,2541
mzmaz,2024/0/24,2533
mzmaz,2024/0/25,2533
mzmaz,2024/0/26,2536
mzmaz,2024/0/28,2541
mzmaz,2024/0/29,2532
mzmaz,2024/1/3,2531
mzmaz,2024/1/5,2523
mzmaz,2024/1/6,2515
mzmaz,2024/1/8,2511
mzmaz,2024/1/9,2519
mzmaz,2024/1/10,2503
mzmaz,2024/0/31,2354
mzmaz,2024/1/3,2358
mzmaz,2024/1/4,2356
mzmaz,2024/1/6,2357
mzmaz,2024/1/7,2366
mzmaz,2024/0/14,2651
mzmaz,2024/0/16,2616
mzmaz,2024/0/17,2655
mzmaz,2024/0/22,2659
mzmaz,2024/0/23,2697
mzmaz,2024/0/24,2710
mzmaz,2024/0/29,2715
mzmaz,2024/0/31,2696
mzmaz,2024/1/5,2711
mzmaz,2024/1/6,2735
mzmaz,2024/1/7,2738
mzmaz,2024/1/10,2747
Delebarre,2024/0/13,2316
Delebarre,2024/0/14,2319
Delebarre,2024/0/15,2311
Delebarre,2024/0/16,2295
Delebarre,2024/0/17,2289
Delebarre,2024/0/18,2300
Delebarre,2024/0/20,2301
Delebarre,2024/0/21,2317
Delebarre,2024/0/22,2323
Delebarre,2024/0/23,2302
Delebarre,2024/0/26,2310
Delebarre,2024/0/29,2315
Delebarre,2024/0/30,2303
Delebarre,2024/1/2,2302
Delebarre,2024/1/3,2306
Delebarre,2024/1/4,2320
Delebarre,2024/1/6,2319
Delebarre,2024/1/10,2324
Delebarre,2024/0/15,2326
Delebarre,2024/0/17,2322
Delebarre,2024/0/19,2327
Delebarre,2024/0/20,2337
Delebarre,2024/0/21,2308
Delebarre,2024/0/22,2322
Delebarre,2024/0/24,2320
Delebarre,2024/0/25,2286
Delebarre,2024/0/27,2269
Delebarre,2024/0/28,2274
Delebarre,2024/0/29,2304
Delebarre,2024/0/30,2302
Delebarre,2024/0/31,2307
Delebarre,2024/1/1,2310
Delebarre,2024/1/2,2318
Delebarre,2024/1/3,2322
Delebarre,2024/1/6,2316
Delebarre,2024/1/7,2318
Delebarre,2024/1/8,2326
Delebarre,2024/0/15,2327
Delebarre,2024/0/16,2347
Delebarre,2024/0/17,2361
Delebarre,2024/0/18,2350
Delebarre,2024/0/19,2311
Delebarre,2024/0/20,2319
Delebarre,2024/0/26,2331
Delebarre,2024/0/31,2333
Delebarre,2024/1/1,2346
Delebarre,2024/1/2,2343
Delebarre,2024/1/3,2349
Delebarre,2024/1/4,2359
Delebarre,2024/1/5,2360
Delebarre,2024/1/6,2353
Delebarre,2024/1/7,2361
Delebarre,2024/1/8,2352
Delebarre,2024/1/9,2359
Delebarre,2024/1/10,2364
Delebarre,2024/0/13,1989
Delebarre,2024/0/14,1999
Delebarre,2024/0/15,2006
Delebarre,2024/0/16,2010
Delebarre,2024/0/17,2022
Delebarre,2024/0/18,2024
Delebarre,2024/0/19,2029
Delebarre,2024/0/20,2028
Delebarre,2024/0/21,2027
Delebarre,2024/0/22,2035
Delebarre,2024/0/23,2031
Delebarre,2024/0/24,2026
Delebarre,2024/0/25,2027
Delebarre,2024/0/27,2031
Delebarre,2024/0/28,2033
Delebarre,2024/0/29,2028
Delebarre,2024/0/30,2025
Delebarre,2024/0/31,2032
Delebarre,2024/1/1,2042
Delebarre,2024/1/2,2043
Delebarre,2024/1/3,2039
Delebarre,2024/1/4,2022
Delebarre,2024/1/5,2008
Delebarre,2024/1/7,2010
Delebarre,2024/1/8,2043
Delebarre,2024/1/10,2058
Delebarre,2024/0/14,2353
Delebarre,2024/0/15,2357
Delebarre,2024/0/16,2360
Delebarre,2024/0/17,2364
Delebarre,2024/0/18,2365
Delebarre,2024/0/20,2370
Delebarre,2024/0/22,2383
Delebarre,2024/0/24,2387
Delebarre,2024/0/25,2388
Delebarre,2024/0/26,2391
Delebarre,2024/0/27,2393
Delebarre,2024/0/28,2399
Delebarre,2024/0/29,2403
Delebarre,2024/0/30,2408
Delebarre,2024/0/31,2411
Delebarre,2024/1/1,2414
Delebarre,2024/1/2,2415
Delebarre,2024/1/3,2416
Delebarre,2024/1/4,2417
Delebarre,2024/1/7,2422
Delebarre,2024/1/9,2426
Delebarre,2024/1/10,2429
Kanake04,2024/1/7,2180
Kanake04,2024/0/22,2128
Kanake04,2024/0/23,2113
Kanake04,2024/0/27,2352
Kanake04,2024/0/30,2384
Kanake04,2024/1/8,2389
Kanake04,2024/0/22,2348
Kanake04,2024/0/28,2345
Kanake04,2024/1/5,2354
Kanake04,2024/1/6,2350
Kanake04,2024/1/7,2362
Kanake04,2024/1/4,1815
Kanake04,2024/1/7,1800
Kanake04,2024/1/8,1833
Kanake04,2024/1/9,1839
Kanake04,2024/1/10,1854
n33wbi33,2024/0/16,2388
n33wbi33,2024/0/18,2383
n33wbi33,2024/0/21,2387
n33wbi33,2024/1/6,2376
n33wbi33,2024/1/11,2374
n33wbi33,2024/0/15,2256
n33wbi33,2024/0/18,2250
n33wbi33,2024/0/25,2242
n33wbi33,2024/1/7,2234
n33wbi33,2024/1/10,2228
n33wbi33,2024/0/22,2357
n33wbi33,2024/1/6,2373
n33wbi33,2024/1/7,2362
n33wbi33,2024/0/22,2375
n33wbi33,2024/1/6,2364
USSR77,2024/0/15,2254
USSR77,2024/0/25,2232
USSR77,2024/0/26,2248
USSR77,2024/0/27,2244
USSR77,2024/0/28,2235
USSR77,2024/0/29,2241
USSR77,2024/0/30,2250
USSR77,2024/1/3,2253
USSR77,2024/1/7,2241
USSR77,2024/1/8,2243
USSR77,2024/1/9,2240
USSR77,2024/1/10,2243
USSR77,2024/0/15,2419
USSR77,2024/0/20,2420
USSR77,2024/0/21,2423
USSR77,2024/0/22,2425
USSR77,2024/0/25,2414
USSR77,2024/0/26,2419
USSR77,2024/0/27,2422
USSR77,2024/0/28,2427
USSR77,2024/1/1,2429
USSR77,2024/1/6,2431
USSR77,2024/1/8,2433
USSR77,2024/0/22,2390
USSR77,2024/0/24,2394
USSR77,2024/0/26,2388
USSR77,2024/0/27,2391
USSR77,2024/0/28,2396
USSR77,2024/0/29,2400
USSR77,2024/0/30,2350
USSR77,2024/0/31,2354
USSR77,2024/1/5,2359
USSR77,2024/0/13,2536
USSR77,2024/0/15,2538
USSR77,2024/0/16,2539
USSR77,2024/0/19,2540
USSR77,2024/0/20,2542
USSR77,2024/0/21,2544
USSR77,2024/0/22,2545
USSR77,2024/0/23,2547
USSR77,2024/0/24,2548
USSR77,2024/0/25,2549
USSR77,2024/0/26,2549
USSR77,2024/0/27,2513
USSR77,2024/0/29,2477
USSR77,2024/0/30,2495
USSR77,2024/0/31,2495
USSR77,2024/1/1,2497
USSR77,2024/1/2,2498
USSR77,2024/1/4,2518
USSR77,2024/1/5,2520
USSR77,2024/1/7,2522
USSR77,2024/1/8,2523
USSR77,2024/1/9,2524
USSR77,2024/1/10,2485
avcs,2024/0/14,2350
avcs,2024/0/16,2380
avcs,2024/0/20,2396
avcs,2024/0/21,2367
avcs,2024/0/24,2430
avcs,2024/0/25,2433
avcs,2024/0/26,2451
avcs,2024/0/27,2468
avcs,2024/0/29,2469
avcs,2024/0/30,2470
avcs,2024/0/31,2464
avcs,2024/1/1,2454
avcs,2024/1/2,2447
avcs,2024/1/3,2438
avcs,2024/1/6,2429
avcs,2024/1/9,2397
avcs,2024/0/23,2395
avcs,2024/0/24,2371
avcs,2024/0/25,2392
avcs,2024/0/30,2427
avcs,2024/0/16,2343
avcs,2024/0/23,2354
avcs,2024/0/24,2365
avcs,2024/0/29,2370
avcs,2024/0/31,2368
avcs,2024/1/1,2356
avcs,2024/1/2,2366
avcs,2024/1/6,2353
avcs,2024/1/8,2340
avcs,2024/1/9,2358
avcs,2024/0/16,2904
avcs,2024/0/17,2906
avcs,2024/0/18,2852
avcs,2024/0/19,2802
avcs,2024/0/21,2795
avcs,2024/0/22,2824
avcs,2024/0/23,2801
avcs,2024/0/24,2829
avcs,2024/0/25,2861
avcs,2024/0/27,2878
avcs,2024/0/29,2868
avcs,2024/0/30,2973
avcs,2024/0/31,2954
avcs,2024/1/1,2956
avcs,2024/1/2,2932
avcs,2024/1/3,2856
avcs,2024/1/5,2889
avcs,2024/1/6,2926
avcs,2024/1/8,2873
avcs,2024/1/9,2915
avcs,2024/1/10,2882
Chlorofluorocarbons,2024/0/14,2616
Chlorofluorocarbons,2024/0/16,2661
Chlorofluorocarbons,2024/0/17,2570
Chlorofluorocarbons,2024/0/19,2493
Chlorofluorocarbons,2024/0/25,2506
Chlorofluorocarbons,2024/0/26,2563
Chlorofluorocarbons,2024/0/28,2541
Chlorofluorocarbons,2024/0/31,2564
Chlorofluorocarbons,2024/1/5,2521
Chlorofluorocarbons,2024/1/8,2392
Chlorofluorocarbons,2024/0/13,2293
Chlorofluorocarbons,2024/0/18,2312
Chlorofluorocarbons,2024/0/23,2322
Chlorofluorocarbons,2024/0/27,2301
Chlorofluorocarbons,2024/0/28,2313
Chlorofluorocarbons,2024/0/30,2323
Chlorofluorocarbons,2024/0/31,2335
Chlorofluorocarbons,2024/1/1,2347
Chlorofluorocarbons,2024/1/5,2347
Chlorofluorocarbons,2024/1/6,2363
Chlorofluorocarbons,2024/1/7,2356
repeat_42b,2024/0/17,2198
repeat_42b,2024/0/18,2184
repeat_42b,2024/0/19,2190
repeat_42b,2024/0/20,2195
repeat_42b,2024/0/21,2209
repeat_42b,2024/0/22,2206
repeat_42b,2024/0/23,2204
repeat_42b,2024/0/24,2207
repeat_42b,2024/0/26,2208
repeat_42b,2024/1/2,2209
repeat_42b,2024/1/3,2203
repeat_42b,2024/1/5,2207
repeat_42b,2024/1/8,2222
repeat_42b,2024/1/10,2227
repeat_42b,2024/0/16,2290
repeat_42b,2024/0/17,2283
repeat_42b,2024/0/18,2297
repeat_42b,2024/0/21,2303
repeat_42b,2024/0/22,2303
repeat_42b,2024/0/27,2309
repeat_42b,2024/1/1,2302
repeat_42b,2024/1/2,2301
repeat_42b,2024/1/4,2288
repeat_42b,2024/1/5,2281
repeat_42b,2024/1/8,2287
repeat_42b,2024/0/14,2371
repeat_42b,2024/0/18,2368
repeat_42b,2024/0/19,2361
repeat_42b,2024/0/20,2355
repeat_42b,2024/0/21,2352
repeat_42b,2024/0/22,2359
repeat_42b,2024/0/24,2349
repeat_42b,2024/0/26,2353
repeat_42b,2024/0/27,2362
repeat_42b,2024/0/30,2395
repeat_42b,2024/0/31,2402
repeat_42b,2024/1/1,2396
repeat_42b,2024/1/2,2385
repeat_42b,2024/1/3,2384
repeat_42b,2024/1/4,2382
repeat_42b,2024/1/5,2376
repeat_42b,2024/1/8,2386
repeat_42b,2024/1/10,2386
repeat_42b,2024/0/18,2355
repeat_42b,2024/0/19,2346
repeat_42b,2024/0/23,2333
repeat_42b,2024/0/24,2342
repeat_42b,2024/0/26,2339
repeat_42b,2024/0/27,2338
repeat_42b,2024/0/28,2337
repeat_42b,2024/0/30,2333
repeat_42b,2024/1/2,2339
repeat_42b,2024/1/7,2352
repeat_42b,2024/0/14,2124
repeat_42b,2024/0/30,2180
repeat_42b,2024/0/19,1473
Moussardraser,2024/0/18,2252
Moussardraser,2024/0/14,2323
Moussardraser,2024/0/17,2330
Moussardraser,2024/0/18,2333
Moussardraser,2024/0/22,2338
Moussardraser,2024/0/24,2347
Moussardraser,2024/0/25,2340
Moussardraser,2024/1/6,2372
Moussardraser,2024/1/7,2365
Moussardraser,2024/1/9,2371
Moussardraser,2024/0/13,2490
Moussardraser,2024/0/14,2486
Moussardraser,2024/0/15,2494
Moussardraser,2024/0/16,2500
Moussardraser,2024/0/16,2279
Moussardraser,2024/0/18,2279
Moussardraser,2024/0/19,2300
Moussardraser,2024/0/20,2313
Moussardraser,2024/0/22,2319
Moussardraser,2024/0/23,2320
Moussardraser,2024/0/24,2340
Moussardraser,2024/0/25,2345
Moussardraser,2024/1/5,2351
Moussardraser,2024/0/13,1955
Moussardraser,2024/0/14,1983
Moussardraser,2024/1/6,2014
NeSuBaMu,2024/0/13,2155
NeSuBaMu,2024/0/14,2160
NeSuBaMu,2024/0/27,2168
NeSuBaMu,2024/0/28,2159
NeSuBaMu,2024/0/30,2164
NeSuBaMu,2024/1/4,2169
NeSuBaMu,2024/0/15,2160
NeSuBaMu,2024/0/22,2201
NeSuBaMu,2024/0/29,2213
NeSuBaMu,2024/0/26,2320
NeSuBaMu,2024/1/2,2332
NeSuBaMu,2024/1/9,2344
itzManpreeth,2024/0/18,2165
itzManpreeth,2024/0/24,2168
itzManpreeth,2024/0/26,2168
itzManpreeth,2024/1/5,2117
itzManpreeth,2024/1/10,2110
itzManpreeth,2024/0/25,2273
itzManpreeth,2024/1/5,2283
itzManpreeth,2024/0/26,2418
itzManpreeth,2024/1/7,2435
itzManpreeth,2024/0/16,2366
itzManpreeth,2024/0/21,2370
itzManpreeth,2024/0/23,2340
itzManpreeth,2024/0/24,2351
itzManpreeth,2024/0/25,2354
itzManpreeth,2024/0/26,2361
itzManpreeth,2024/0/27,2348
itzManpreeth,2024/0/28,2351
itzManpreeth,2024/0/29,2351
itzManpreeth,2024/0/30,2352
itzManpreeth,2024/0/31,2330
itzManpreeth,2024/1/4,2332
itzManpreeth,2024/1/6,2325
itzManpreeth,2024/1/10,2343
itzManpreeth,2024/0/13,1654
itzManpreeth,2024/0/21,1374
itzManpreeth,2024/0/27,1491
itzManpreeth,2024/1/3,1414
itzManpreeth,2024/1/10,1498
itzManpreeth,2024/0/19,2376
itzManpreeth,2024/0/21,1829
Truemasterme,2024/0/29,2576
Truemasterme,2024/1/2,2574
Truemasterme,2024/1/4,2605
Truemasterme,2024/1/6,2612
Truemasterme,2024/0/13,2384
Truemasterme,2024/0/14,2353
Truemasterme,2024/0/15,2360
Truemasterme,2024/0/17,2329
Truemasterme,2024/0/18,2348
Truemasterme,2024/0/28,2358
Truemasterme,2024/0/29,2360
Truemasterme,2024/0/30,2365
Truemasterme,2024/0/31,2379
Truemasterme,2024/1/3,2334
Truemasterme,2024/1/4,2349
Truemasterme,2024/1/8,2389
Truemasterme,2024/1/9,2404
Truemasterme,2024/1/10,2401
Truemasterme,2024/0/14,2393
Truemasterme,2024/0/15,2427
Truemasterme,2024/0/31,2437
Truemasterme,2024/0/13,2378
Truemasterme,2024/0/19,2375
Truemasterme,2024/0/29,2351
Truemasterme,2024/1/7,2357
Truemasterme,2024/1/9,2343
Tempest_Dragon,2024/0/13,2405
Tempest_Dragon,2024/0/15,2382
Tempest_Dragon,2024/0/17,2390
Tempest_Dragon,2024/0/20,2402
Tempest_Dragon,2024/0/21,2409
Tempest_Dragon,2024/0/29,2426
Tempest_Dragon,2024/0/30,2439
Tempest_Dragon,2024/0/31,2460
Tempest_Dragon,2024/1/2,2461
Tempest_Dragon,2024/1/3,2470
Tempest_Dragon,2024/1/5,2422
Tempest_Dragon,2024/1/6,2423
Tempest_Dragon,2024/1/7,2426
Tempest_Dragon,2024/1/10,2456
Tempest_Dragon,2024/1/11,2511
Tempest_Dragon,2024/0/13,2325
Tempest_Dragon,2024/0/14,2320
Tempest_Dragon,2024/0/16,2324
Tempest_Dragon,2024/0/17,2304
Tempest_Dragon,2024/0/20,2403
Tempest_Dragon,2024/0/21,2408
Tempest_Dragon,2024/0/22,2418
Tempest_Dragon,2024/0/29,2420
Tempest_Dragon,2024/0/30,2422
Tempest_Dragon,2024/0/31,2422
Tempest_Dragon,2024/1/4,2431
Tempest_Dragon,2024/1/6,2444
Tempest_Dragon,2024/1/7,2444
Tempest_Dragon,2024/0/13,2428
Tempest_Dragon,2024/0/14,2424
Tempest_Dragon,2024/0/15,2415
Tempest_Dragon,2024/0/16,2429
Tempest_Dragon,2024/0/17,2437
Tempest_Dragon,2024/0/18,2453
Tempest_Dragon,2024/0/20,2464
Tempest_Dragon,2024/1/1,2464
Tempest_Dragon,2024/1/8,2516
Tempest_Dragon,2024/1/10,2526
Tempest_Dragon,2024/0/13,2279
Tempest_Dragon,2024/0/19,2283
Tempest_Dragon,2024/0/20,2290
Tempest_Dragon,2024/0/24,2291
Tempest_Dragon,2024/0/31,2293
Tempest_Dragon,2024/1/2,2291
Tempest_Dragon,2024/1/9,2335
Tempest_Dragon,2024/1/10,2342
Tempest_Dragon,2024/0/13,2707
Tempest_Dragon,2024/0/14,2707
Tempest_Dragon,2024/0/30,1825
Tempest_Dragon,2024/0/31,1829
Tempest_Dragon,2024/1/2,1845
Tempest_Dragon,2024/1/3,1849
Tempest_Dragon,2024/1/6,1855
Tempest_Dragon,2024/1/7,1880
chessmount,2024/0/13,2192
chessmount,2024/0/18,2215
chessmount,2024/0/21,2261
chessmount,2024/1/4,2241
chessmount,2024/0/13,2349
chessmount,2024/0/16,2353
chessmount,2024/0/17,2404
chessmount,2024/0/19,2401
chessmount,2024/0/28,2409
chessmount,2024/1/4,2367
chessmount,2024/0/17,2462
chessmount,2024/0/18,2462
chessmount,2024/0/19,2466
chessmount,2024/1/4,2479
chessmount,2024/1/10,2482
chessmount,2024/1/11,2471
chessmount,2024/0/13,2319
chessmount,2024/0/17,2312
chessmount,2024/0/18,2321
chessmount,2024/0/19,2324
chessmount,2024/0/28,2312
chessmount,2024/1/4,2317
chessmount,2024/1/10,2329
chessmount,2024/1/11,2338
chessmount,2024/0/18,2318
chessmount,2024/0/20,2319
chessmount,2024/1/4,2390
chessmount,2024/0/18,1805
Super_BrainPower,2024/1/10,2245
Super_BrainPower,2024/0/29,2237
Super_BrainPower,2024/0/17,2422
Super_BrainPower,2024/0/27,2436
Super_BrainPower,2024/0/13,2317
Super_BrainPower,2024/0/18,2335
Super_BrainPower,2024/0/19,2341
Super_BrainPower,2024/0/20,2349
Super_BrainPower,2024/0/21,2356
Super_BrainPower,2024/0/22,2351
Super_BrainPower,2024/0/23,2363
Super_BrainPower,2024/0/24,2367
Super_BrainPower,2024/0/25,2345
Super_BrainPower,2024/0/28,2348
Super_BrainPower,2024/0/29,2352
Super_BrainPower,2024/0/30,2344
Super_BrainPower,2024/1/2,2334
Super_BrainPower,2024/1/5,2326
Super_BrainPower,2024/1/6,2322
Super_BrainPower,2024/1/7,2329
Super_BrainPower,2024/1/11,2336
Super_BrainPower,2024/0/13,2662
Super_BrainPower,2024/0/15,2687
Super_BrainPower,2024/0/17,2660
Super_BrainPower,2024/0/18,2661
Super_BrainPower,2024/0/20,2662
Super_BrainPower,2024/0/22,2646
Super_BrainPower,2024/0/23,2651
Super_BrainPower,2024/0/27,2651
Super_BrainPower,2024/0/29,2673
Super_BrainPower,2024/0/30,2668
Super_BrainPower,2024/0/31,2654
Super_BrainPower,2024/1/11,2640
robscat,2024/0/13,1904
robscat,2024/0/17,1909
robscat,2024/0/20,1912
robscat,2024/0/22,1891
robscat,2024/0/30,1894
robscat,2024/1/6,1895
robscat,2024/1/7,1900
robscat,2024/1/11,1903
robscat,2024/0/15,1975
robscat,2024/0/16,1976
robscat,2024/0/20,1987
robscat,2024/0/21,1995
robscat,2024/0/22,2000
robscat,2024/1/6,2028
robscat,2024/1/9,2030
robscat,2024/0/16,2341
robscat,2024/0/21,2350
robscat,2024/0/27,2332
robscat,2024/1/6,2332
robscat,2024/1/7,2334
robscat,2024/1/11,2336
robscat,2024/0/20,1636
robscat,2024/0/21,1635
robscat,2024/0/23,1642
robscat,2024/0/14,1804
robscat,2024/0/21,1811
robscat,2024/0/22,1803
robscat,2024/0/23,2245
robscat,2024/0/24,2253
robscat,2024/0/27,2257
robscat,2024/1/6,2265
shaheus,2024/0/14,2315
shaheus,2024/0/15,2329
shaheus,2024/0/16,2327
shaheus,2024/0/17,2297
shaheus,2024/0/18,2283
shaheus,2024/0/19,2277
shaheus,2024/0/22,2266
shaheus,2024/0/23,2269
shaheus,2024/0/24,2260
shaheus,2024/0/25,2273
shaheus,2024/0/28,2277
shaheus,2024/0/29,2324
shaheus,2024/0/15,2370
shaheus,2024/0/15,2351
shaheus,2024/0/18,2336
shaheus,2024/0/25,2325
shaheus,2024/0/30,2333
shaheus,2024/0/31,2337
shaheus,2024/1/1,2334
shaheus,2024/1/5,2340
shaheus,2024/1/6,2327
shaheus,2024/1/7,2331
shaheus,2024/1/8,2310
shaheus,2024/0/19,2334
shaheus,2024/0/26,2331
shaheus,2024/1/2,2345
shaheus,2024/1/9,2335
shaheus,2024/0/21,2436
shaheus,2024/0/28,2499
shaheus,2024/1/8,2499
HandKnit,2024/0/16,2450
HandKnit,2024/0/19,2455
HandKnit,2024/0/21,2450
HandKnit,2024/1/4,2449
HandKnit,2024/1/6,2441
HandKnit,2024/0/13,2447
HandKnit,2024/0/15,2436
HandKnit,2024/0/16,2449
HandKnit,2024/0/17,2462
HandKnit,2024/0/18,2456
HandKnit,2024/0/19,2467
HandKnit,2024/0/21,2471
HandKnit,2024/0/22,2477
HandKnit,2024/0/23,2470
HandKnit,2024/0/24,2488
HandKnit,2024/0/25,2488
HandKnit,2024/0/26,2489
HandKnit,2024/0/27,2462
HandKnit,2024/0/28,2452
HandKnit,2024/0/29,2451
HandKnit,2024/0/30,2462
HandKnit,2024/1/1,2462
HandKnit,2024/1/3,2463
HandKnit,2024/1/4,2461
HandKnit,2024/1/5,2470
HandKnit,2024/1/7,2473
HandKnit,2024/1/8,2451
HandKnit,2024/1/9,2456
HandKnit,2024/1/10,2469
HandKnit,2024/1/11,2462
HandKnit,2024/0/24,2505
HandKnit,2024/0/27,2511
HandKnit,2024/0/19,2312
HandKnit,2024/0/22,2318
HandKnit,2024/0/23,2319
HandKnit,2024/0/29,2325
HandKnit,2024/0/30,2321
HandKnit,2024/1/2,2329
HandKnit,2024/1/8,2339
HandKnit,2024/1/10,2334
HandKnit,2024/0/13,2499
HandKnit,2024/0/19,2488
HandKnit,2024/0/21,2452
HandKnit,2024/0/25,2451
HandKnit,2024/0/26,2460
HandKnit,2024/0/28,2472
HandKnit,2024/1/3,2453
HandKnit,2024/1/5,2406
HandKnit,2024/1/10,2444
Mouseblip22,2024/1/8,1796
Mouseblip22,2024/1/10,1853
Mouseblip22,2024/0/17,2479
Mouseblip22,2024/0/18,2483
Mouseblip22,2024/0/20,2485
Mouseblip22,2024/0/21,2496
Mouseblip22,2024/0/23,2494
Mouseblip22,2024/0/24,2500
Mouseblip22,2024/0/25,2508
Mouseblip22,2024/0/27,2525
Mouseblip22,2024/0/28,2528
Mouseblip22,2024/0/30,2534
Mouseblip22,2024/1/1,2509
Mouseblip22,2024/1/4,2510
Mouseblip22,2024/1/5,2507
Mouseblip22,2024/1/6,2520
Mouseblip22,2024/1/7,2525
Mouseblip22,2024/1/8,2531
Mouseblip22,2024/1/10,2555
Mouseblip22,2024/0/27,2280
Mouseblip22,2024/1/9,2323
Mouseblip22,2024/1/10,2334
susmate,2024/0/18,2103
susmate,2024/0/25,2061
susmate,2024/0/14,2227
susmate,2024/0/17,2230
susmate,2024/0/24,2234
susmate,2024/0/31,2222
susmate,2024/0/13,2234
susmate,2024/0/17,2226
susmate,2024/0/23,2227
susmate,2024/0/26,2260
susmate,2024/0/27,2257
susmate,2024/0/28,2277
susmate,2024/0/29,2288
susmate,2024/0/30,2308
susmate,2024/1/1,2313
susmate,2024/1/3,2321
susmate,2024/1/6,2324
susmate,2024/1/7,2361
susmate,2024/1/8,2345
susmate,2024/1/9,2333
susmate,2024/0/17,2609
susmate,2024/0/18,2638
susmate,2024/0/19,2599
susmate,2024/0/25,2587
susmate,2024/0/30,2570
pavaobjazevic,2024/0/13,2320
pavaobjazevic,2024/0/14,2321
pavaobjazevic,2024/0/15,2318
pavaobjazevic,2024/0/17,2310
pavaobjazevic,2024/0/18,2312
pavaobjazevic,2024/0/19,2313
pavaobjazevic,2024/0/20,2299
pavaobjazevic,2024/0/21,2296
pavaobjazevic,2024/0/22,2301
pavaobjazevic,2024/0/23,2302
pavaobjazevic,2024/0/24,2310
pavaobjazevic,2024/0/25,2300
pavaobjazevic,2024/0/26,2301
pavaobjazevic,2024/0/27,2298
pavaobjazevic,2024/0/28,2303
pavaobjazevic,2024/0/30,2304
pavaobjazevic,2024/0/31,2311
pavaobjazevic,2024/1/2,2314
pavaobjazevic,2024/1/3,2317
pavaobjazevic,2024/1/4,2320
pavaobjazevic,2024/1/6,2321
pavaobjazevic,2024/1/7,2321
pavaobjazevic,2024/1/8,2323
pavaobjazevic,2024/1/9,2325
pavaobjazevic,2024/1/10,2332
levatischenko09,2024/0/14,2404
levatischenko09,2024/0/19,2384
levatischenko09,2024/0/20,2371
levatischenko09,2024/0/21,2379
levatischenko09,2024/0/22,2371
levatischenko09,2024/0/23,2371
levatischenko09,2024/0/24,2382
levatischenko09,2024/0/25,2391
levatischenko09,2024/0/26,2357
levatischenko09,2024/0/30,2350
levatischenko09,2024/0/13,2202
levatischenko09,2024/0/14,2206
levatischenko09,2024/0/15,2221
levatischenko09,2024/0/16,2212
levatischenko09,2024/0/20,2216
levatischenko09,2024/0/21,2227
levatischenko09,2024/0/22,2233
levatischenko09,2024/0/24,2238
levatischenko09,2024/0/25,2228
levatischenko09,2024/0/28,2241
levatischenko09,2024/0/29,2241
levatischenko09,2024/0/30,2257
levatischenko09,2024/0/31,2280
levatischenko09,2024/1/1,2255
levatischenko09,2024/1/2,2255
levatischenko09,2024/1/3,2246
levatischenko09,2024/1/4,2234
levatischenko09,2024/1/6,2243
levatischenko09,2024/1/7,2250
levatischenko09,2024/1/8,2238
levatischenko09,2024/1/9,2240
levatischenko09,2024/1/10,2240
levatischenko09,2024/0/13,2280
levatischenko09,2024/0/14,2286
levatischenko09,2024/0/18,2306
levatischenko09,2024/0/19,2308
levatischenko09,2024/0/20,2318
levatischenko09,2024/0/22,2327
levatischenko09,2024/0/23,2333
levatischenko09,2024/0/24,2331
levatischenko09,2024/0/30,2323
levatischenko09,2024/1/1,2322
levatischenko09,2024/1/2,2313
levatischenko09,2024/1/6,2320
levatischenko09,2024/1/8,2327
levatischenko09,2024/1/9,2318
levatischenko09,2024/1/10,2323
levatischenko09,2024/0/24,2315
levatischenko09,2024/0/27,2292
levatischenko09,2024/1/4,2311
levatischenko09,2024/1/5,2302
levatischenko09,2024/1/7,2319
levatischenko09,2024/1/8,2329
levatischenko09,2024/1/10,2332
levatischenko09,2024/1/10,1930
levatischenko09,2024/1/3,880
levatischenko09,2024/1/4,1705
levatischenko09,2024/0/13,2300
levatischenko09,2024/0/14,2302
levatischenko09,2024/0/23,2265
levatischenko09,2024/0/30,2287
levatischenko09,2024/0/13,1949
levatischenko09,2024/0/14,2017
levatischenko09,2024/0/15,2005
levatischenko09,2024/0/16,2010
levatischenko09,2024/0/17,2013
levatischenko09,2024/0/18,2012
levatischenko09,2024/0/19,2024
levatischenko09,2024/0/23,2030
levatischenko09,2024/0/24,2045
levatischenko09,2024/0/25,1991
levatischenko09,2024/0/26,1974
levatischenko09,2024/0/29,1982
levatischenko09,2024/0/30,2033
levatischenko09,2024/0/31,1990
levatischenko09,2024/1/1,2006
levatischenko09,2024/1/2,1994
levatischenko09,2024/1/3,2004
levatischenko09,2024/1/4,2044
levatischenko09,2024/1/5,2008
levatischenko09,2024/1/6,2013
levatischenko09,2024/1/7,2029
levatischenko09,2024/1/8,1953
levatischenko09,2024/1/9,1941
levatischenko09,2024/1/10,1965
levatischenko09,2024/1/11,1953
Cizar,2024/1/5,2039
Cizar,2024/0/20,2215
Cizar,2024/0/21,2215
Cizar,2024/0/23,2222
Cizar,2024/0/24,2211
Cizar,2024/0/25,2198
Cizar,2024/0/26,2185
Cizar,2024/0/27,2175
Cizar,2024/0/28,2186
Cizar,2024/0/29,2165
Cizar,2024/1/5,2162
Cizar,2024/1/6,2167
Cizar,2024/1/8,2137
Cizar,2024/0/15,2278
Cizar,2024/0/16,2292
Cizar,2024/0/17,2288
Cizar,2024/0/18,2293
Cizar,2024/0/19,2301
Cizar,2024/0/24,2307
Cizar,2024/1/1,2308
Cizar,2024/1/3,2310
Cizar,2024/1/4,2315
Cizar,2024/1/6,2320
Cizar,2024/1/7,2321
Cizar,2024/1/10,2325
Cizar,2024/1/11,2327
Cizar,2024/0/14,2479
Cizar,2024/0/15,2480
Cizar,2024/0/18,2482
Cizar,2024/0/19,2485
Cizar,2024/0/20,2488
Cizar,2024/0/21,2489
Cizar,2024/0/22,2490
Cizar,2024/0/23,2493
Cizar,2024/0/24,2461
Cizar,2024/0/26,2461
Cizar,2024/0/28,2472
Cizar,2024/0/29,2474
Cizar,2024/0/31,2520
Cizar,2024/1/1,2521
Cizar,2024/1/2,2526
Cizar,2024/1/3,2518
Cizar,2024/1/5,2520
Cizar,2024/1/7,2520
Cizar,2024/1/8,2521
Cizar,2024/1/9,2522
Cizar,2024/1/11,2523
Soundly,2024/0/15,2204
Soundly,2024/0/17,2207
Soundly,2024/0/18,2209
Soundly,2024/0/20,2202
Soundly,2024/0/21,2204
Soundly,2024/0/23,2210
Soundly,2024/0/24,2212
Soundly,2024/0/25,2199
Soundly,2024/0/26,2207
Soundly,2024/0/27,2212
Soundly,2024/0/28,2219
Soundly,2024/0/30,2230
Soundly,2024/0/31,2233
Soundly,2024/1/6,2223
Soundly,2024/1/8,2230
Soundly,2024/1/9,2229
Soundly,2024/1/10,2233
Soundly,2024/0/13,2259
Soundly,2024/0/14,2281
Soundly,2024/0/17,2292
Soundly,2024/0/19,2317
Soundly,2024/0/20,2332
Soundly,2024/0/21,2329
Soundly,2024/0/23,2338
Soundly,2024/0/26,2333
Soundly,2024/0/28,2328
Soundly,2024/0/31,2342
Soundly,2024/1/2,2320
Soundly,2024/1/6,2315
Soundly,2024/1/8,2326
